url,name,desc,content,price,status,category_id
D:\Downloads\1200px-Villarreal_CF_logo.svg.png,Tivi_1,Liverpool,London,50000,1,1
D:\Downloads\1200px-Villarreal_CF_logo.svg.png,Tivi_2,Liverpool,London,50000,2,1
D:\Downloads\1200px-Villarreal_CF_logo.svg.png,Tivi_3,Liverpool,London,50000,3,1
D:\Downloads\1200px-Villarreal_CF_logo.svg.png,Tivi_4,Liverpool,London,50000,1,1
D:\Downloads\1200px-Villarreal_CF_logo.svg.png,Tivi_5,Liverpool,London,50000,2,1
D:\Downloads\1200px-Villarreal_CF_logo.svg.png,Tivi_6,Liverpool,London,50000,1,1
D:\Downloads\1200px-Villarreal_CF_logo.svg.png,Tivi_7,Liverpool,London,50000,2,1
D:\Downloads\1200px-Villarreal_CF_logo.svg.png,Tivi_8,Liverpool,London,50000,3,1
D:\Downloads\1200px-Villarreal_CF_logo.svg.png,Tivi_9,Liverpool,London,50000,1,1
D:\Downloads\1200px-Villarreal_CF_logo.svg.png,Tivi_10,Liverpool,London,50000,2,1
